<project name="jarBuilder" default="main">

<target name="main">
	  <delete file="dist/*.jar" />
	  <mkdir dir="dist" />
		
	  <jar file="dist/MethodHelper.jar">
		<fileset dir="build/classes" includes="**/MethodHelper.class" />
	  </jar>
	  <jar file="dist/TestModule.jar">
		<fileset dir="build/classes" includes="**/TestModule.class" />
	  </jar>
	  <jar file="dist/TestWorkflowModule.jar">
		<fileset dir="build/classes" includes="**/TestWorkflowModule.class" />
	  </jar>
	  
	  <eclipse.refreshLocal resource="MethodsAsBOFModules"/>

</target>

</project>